id,chapter,match_text,focus_text,gold_pinyin,recommended_pinyin,candidate_pinyin,status,risk_type,confidence,occurrence_count_in_chapter,context,primary_source_url,secondary_source_url,note
HNSW-G001,上古天真论篇第一,徇齐,徇齐,xun4 qi2,,,gold,rare_or_classical,high_for_benchmark,1,昔在黄帝，生而神灵，弱而能言，幼而徇齐，长而敦敏，成而登天。,https://classicstcm.com/classics/huangdi-neijing-suwen/on-innate-vitality-in-antiquity/,,
HNSW-G002,上古天真论篇第一,术数,术数,shu4 shu4,,,gold,polyphone,high_for_benchmark,1,岐伯对曰：“上古之人，其知道者，法于阴阳，和于术数，食饮有节，起居有常，不妄作劳，故能形与神俱，而尽终其天年，度百岁乃去。,https://classicstcm.com/classics/huangdi-neijing-suwen/on-innate-vitality-in-antiquity/,,
HNSW-G003,上古天真论篇第一,齿更,更,chi3 geng1,,,gold,polyphone,high_for_benchmark,2,岐伯曰：“女子七岁，肾气盛，齿更发长。,https://classicstcm.com/classics/huangdi-neijing-suwen/on-innate-vitality-in-antiquity/,,
HNSW-G004,上古天真论篇第一,天癸,天癸,tian1 gui3,,,gold,medical_term,high_for_benchmark,5,二七而天癸至，任脉通，太冲脉盛，月事以时下，故有子；,https://classicstcm.com/classics/huangdi-neijing-suwen/on-innate-vitality-in-antiquity/,,
HNSW-G005,上古天真论篇第一,任脉,任脉,ren4 mai4,,,gold,medical_term,high_for_benchmark,2,二七而天癸至，任脉通，太冲脉盛，月事以时下，故有子；,https://classicstcm.com/classics/huangdi-neijing-suwen/on-innate-vitality-in-antiquity/,,
HNSW-G006,上古天真论篇第一,太冲脉,太冲脉,tai4 chong1 mai4,,,gold,medical_term,high_for_benchmark,2,二七而天癸至，任脉通，太冲脉盛，月事以时下，故有子；,https://classicstcm.com/classics/huangdi-neijing-suwen/on-innate-vitality-in-antiquity/,,
HNSW-G007,上古天真论篇第一,颁白,颁,ban1 bai2,,,gold,classical_usage,high_for_benchmark,1,六八，阳气衰竭于上，面焦，发鬓颁白；,https://classicstcm.com/classics/huangdi-neijing-suwen/on-innate-vitality-in-antiquity/,,
HNSW-G008,上古天真论篇第一,肾藏,藏,shen4 zang4,,,gold,polyphone,high_for_benchmark,1,七八，肝气衰，筋不能动，天癸竭，精少，肾藏衰，形体皆极；,https://classicstcm.com/classics/huangdi-neijing-suwen/on-innate-vitality-in-antiquity/,,
HNSW-G009,上古天真论篇第一,五藏,藏,wu3 zang4,,,gold,medical_polyphone,high_for_benchmark,3,肾者主水，受五藏六府之精而藏之，故五藏盛乃能写。,https://classicstcm.com/classics/huangdi-neijing-suwen/on-innate-vitality-in-antiquity/,,
HNSW-G010,上古天真论篇第一,六府,府,liu4 fu3,,,gold,medical_term,high_for_benchmark,1,肾者主水，受五藏六府之精而藏之，故五藏盛乃能写。,https://classicstcm.com/classics/huangdi-neijing-suwen/on-innate-vitality-in-antiquity/,,
HNSW-G011,上古天真论篇第一,提挈,挈,ti2 qie4,,,gold,rare_or_classical,high_for_benchmark,1,黄帝曰：“余闻上古有真人者，提挈天地，把握阴阳，呼吸精气，独立守神，肌肉若一，故能寿敝天地，无有终时，此其道生。,https://classicstcm.com/classics/huangdi-neijing-suwen/on-innate-vitality-in-antiquity/,,
HNSW-G012,上古天真论篇第一,恚嗔,恚嗔,hui4 chen1,,,gold,rare_or_classical,high_for_benchmark,1,无恚嗔之心，行不欲离于世，被服章，举不欲观于俗，外不劳形于事，内无思想之患，以恬愉为务，以自得为功，形体不敝，精神不散，亦可以百数。,https://classicstcm.com/classics/huangdi-neijing-suwen/on-innate-vitality-in-antiquity/,,
HNSW-G013,上古天真论篇第一,精气溢写,写,,jing1 qi4 yi4 xie4,jing1 qi4 yi4 xie3|jing1 qi4 yi4 xie4,review_required,tongjia,review,1,二八，肾气盛，天癸至，精气溢写，阴阳和，故能有子；,https://classicstcm.com/classics/huangdi-neijing-suwen/on-innate-vitality-in-antiquity/,https://ctext.org/huangdi-neijing/suwen/zhs,“写/寫”在此常释为通“泻/瀉”。是否按本字 xie3 还是按通假义 xie4 朗读，需要先固定项目的通假字朗读政策；暂不计硬分。
HNSW-G014,四气调神大论篇第二,发陈,发陈,fa1 chen2,,,gold,classical_usage,high_for_benchmark,1,春三月，此谓发陈。,https://classicstcm.com/classics/huangdi-neijing-suwen/regulating-the-spirit-in-the-four-seasons/,,
HNSW-G015,四气调神大论篇第二,蕃秀,蕃,fan2 xiu4,,,gold,polyphone,high_for_benchmark,1,夏三月，此谓蕃秀。,https://classicstcm.com/classics/huangdi-neijing-suwen/regulating-the-spirit-in-the-four-seasons/,,
HNSW-G016,四气调神大论篇第二,痎疟,痎疟,jie1 nve4,,,gold,medical_term,high_for_benchmark,1,逆之则伤心，秋为痎疟，奉收者少，冬至重病。,https://classicstcm.com/classics/huangdi-neijing-suwen/regulating-the-spirit-in-the-four-seasons/,https://www.zdic.net/hans/%E7%97%8E%E7%96%9F,
HNSW-G017,四气调神大论篇第二,飧泄,飧泄,sun1 xie4,,,gold,medical_term,high_for_benchmark,1,逆之则伤肺，冬为飧泄，奉藏者少。,https://classicstcm.com/classics/huangdi-neijing-suwen/regulating-the-spirit-in-the-four-seasons/,https://www.zdic.net/hant/%E9%A3%A7%E6%B3%84,
HNSW-G018,四气调神大论篇第二,闭藏,藏,bi4 cang2,,,gold,polyphone,high_for_benchmark,1,冬三月，此谓闭藏。,https://classicstcm.com/classics/huangdi-neijing-suwen/regulating-the-spirit-in-the-four-seasons/,,
HNSW-G019,四气调神大论篇第二,地坼,坼,di4 che4,,,gold,rare_or_classical,high_for_benchmark,1,水冰地坼，无扰乎阳。,https://classicstcm.com/classics/huangdi-neijing-suwen/regulating-the-spirit-in-the-four-seasons/,,
HNSW-G020,四气调神大论篇第二,亟夺,亟,ji2 duo2,,,gold,polyphone,high_for_benchmark,1,早卧晚起，必待日光，使志若伏若匿，若有私意，若已有得，去寒就温，无泄皮肤，使气亟夺。,https://classicstcm.com/classics/huangdi-neijing-suwen/regulating-the-spirit-in-the-four-seasons/,,
HNSW-G021,四气调神大论篇第二,痿厥,痿厥,wei3 jue2,,,gold,medical_term,high_for_benchmark,1,逆之则伤肾，春为痿厥，奉生者少。,https://classicstcm.com/classics/huangdi-neijing-suwen/regulating-the-spirit-in-the-four-seasons/,,
HNSW-G022,四气调神大论篇第二,菀稿,菀稿,wan3 gao3,,,gold,text_variant,high_for_benchmark,1,恶气不发，风雨不节，白露不下，则菀稿不荣。,https://classicstcm.com/classics/huangdi-neijing-suwen/regulating-the-spirit-in-the-four-seasons/,,当前测试文本作“菀稿”；底本常见“菀稾/菀槁”，这里以该语境读音 wan3 gao3 作为工程 Gold。
HNSW-G023,四气调神大论篇第二,数至,数,shuo4 zhi4,,,gold,polyphone,high_for_benchmark,1,贼风数至，暴雨数起，天地四时不相保，与道相失，则未央绝灭。,https://classicstcm.com/classics/huangdi-neijing-suwen/regulating-the-spirit-in-the-four-seasons/,,
HNSW-G024,四气调神大论篇第二,数起,数,shuo4 qi3,,,gold,polyphone,high_for_benchmark,1,贼风数至，暴雨数起，天地四时不相保，与道相失，则未央绝灭。,https://classicstcm.com/classics/huangdi-neijing-suwen/regulating-the-spirit-in-the-four-seasons/,,
HNSW-G025,四气调神大论篇第二,少阳,少,shao4 yang2,,,gold,medical_polyphone,high_for_benchmark,1,逆春气，则少阳不生，肝气内变。,https://classicstcm.com/classics/huangdi-neijing-suwen/regulating-the-spirit-in-the-four-seasons/,,
HNSW-G026,四气调神大论篇第二,少阴,少,shao4 yin1,,,gold,medical_polyphone,high_for_benchmark,1,逆秋气，则少阴不收，肺气焦满。,https://classicstcm.com/classics/huangdi-neijing-suwen/regulating-the-spirit-in-the-four-seasons/,,
HNSW-G027,生气通天论篇第三,六合,合,liu4 he2,,,gold,classical_usage,high_for_benchmark,1,天地之间，六合之内，其气九州九窍、五藏、十二节，皆通乎天气。,https://classicstcm.com/classics/huangdi-neijing-suwen/vital-qi-communicating-with-heaven/,,
HNSW-G028,生气通天论篇第三,九窍,窍,jiu3 qiao4,,,gold,medical_term,high_for_benchmark,3,天地之间，六合之内，其气九州九窍、五藏、十二节，皆通乎天气。,https://classicstcm.com/classics/huangdi-neijing-suwen/vital-qi-communicating-with-heaven/,,
HNSW-G029,生气通天论篇第三,数犯,数,shuo4 fan4,,,gold,polyphone,high_for_benchmark,1,其生五，其气三，数犯此者，则邪气伤人，此寿命之本也。,https://classicstcm.com/classics/huangdi-neijing-suwen/vital-qi-communicating-with-heaven/,,
HNSW-G030,生气通天论篇第三,折寿,折,zhe2 shou4,,,gold,polyphone,high_for_benchmark,1,阳气者，若天与日，失其所则折寿而不彰，故天运当以日光明，是故阳因而上卫外者也。,https://classicstcm.com/classics/huangdi-neijing-suwen/vital-qi-communicating-with-heaven/,,
HNSW-G031,生气通天论篇第三,运枢,枢,yun4 shu1,,,gold,medical_term,high_for_benchmark,1,因于寒，欲如运枢，起居如惊，神气乃浮。,https://classicstcm.com/classics/huangdi-neijing-suwen/vital-qi-communicating-with-heaven/,,
HNSW-G032,生气通天论篇第三,喘喝,喝,,chuan3 he1,chuan3 he1|chuan3 he4,review_required,source_conflict,review,1,因于暑，汗，烦则喘喝，静则多言，体若燔炭，汗出而散。,https://classicstcm.com/classics/huangdi-neijing-suwen/vital-qi-communicating-with-heaven/,https://www.zdic.net/hans/%E5%96%98%E5%96%9D,公开资料存在分歧：汉典词条对《素问》该语境标作 hē，而 Classica Sinica Medica 当前页面拼作 hè；暂不计硬分。
HNSW-G033,生气通天论篇第三,燔炭,燔,fan2 tan4,,,gold,rare_or_classical,high_for_benchmark,1,因于暑，汗，烦则喘喝，静则多言，体若燔炭，汗出而散。,https://classicstcm.com/classics/huangdi-neijing-suwen/vital-qi-communicating-with-heaven/,,
HNSW-G034,生气通天论篇第三,緛短,緛,ruan3 duan3,,,gold,rare_character,high_for_benchmark,2,因于湿，首如裹，湿热不攘，大筋緛短，小筋弛长，緛短为拘，弛长为痿。,https://classicstcm.com/classics/huangdi-neijing-suwen/vital-qi-communicating-with-heaven/,https://dict.variants.moe.edu.tw/dictView.jsp?ID=66623,
HNSW-G035,生气通天论篇第三,弛长,长,chi2 chang2,,,gold,polyphone,high_for_benchmark,2,因于湿，首如裹，湿热不攘，大筋緛短，小筋弛长，緛短为拘，弛长为痿。,https://classicstcm.com/classics/huangdi-neijing-suwen/vital-qi-communicating-with-heaven/,,
HNSW-G036,生气通天论篇第三,煎厥,煎厥,jian1 jue2,,,gold,medical_term,high_for_benchmark,1,阳气者，烦劳则张，精绝，辟积于夏，使人煎厥。,https://classicstcm.com/classics/huangdi-neijing-suwen/vital-qi-communicating-with-heaven/,,
HNSW-G037,生气通天论篇第三,汨汨,汨汨,,gu3 gu3,mi4 mi4|gu3 gu3,review_required,text_variant,review,1,目盲不可以视，耳闭不可以听，溃溃乎若坏都，汨汨乎不可止。,https://classicstcm.com/classics/huangdi-neijing-suwen/vital-qi-communicating-with-heaven/,https://dict.revised.moe.edu.tw/dictView.jsp?ID=71123&la=0&powerMode=0,当前 v01.txt 写作“汨汨”；所对照底本简体显示为“汩汩”，教育部辞典“汩汩”读 gǔ gǔ。这里首先是文本校勘问题，建议修正文后再纳入硬 Gold。
HNSW-G038,生气通天论篇第三,血菀,菀,xue4 yun4,,,gold,rare_or_classical,high_for_benchmark,1,阳气者，大怒则形气绝，而血菀于上，使人薄厥。,https://classicstcm.com/classics/huangdi-neijing-suwen/vital-qi-communicating-with-heaven/,,
HNSW-G039,生气通天论篇第三,薄厥,薄,bo2 jue2,,,gold,medical_term,high_for_benchmark,1,阳气者，大怒则形气绝，而血菀于上，使人薄厥。,https://classicstcm.com/classics/huangdi-neijing-suwen/vital-qi-communicating-with-heaven/,,
HNSW-G040,生气通天论篇第三,偏沮,沮,pian1 ju3,,,gold,rare_or_classical,high_for_benchmark,1,有伤于筋，纵，其若不容，汗出偏沮，使人偏枯。,https://classicstcm.com/classics/huangdi-neijing-suwen/vital-qi-communicating-with-heaven/,,
HNSW-G041,生气通天论篇第三,痤痱,痤痱,cuo2 fei4,,,gold,medical_term,high_for_benchmark,1,汗出见湿，乃生痤痱。,https://classicstcm.com/classics/huangdi-neijing-suwen/vital-qi-communicating-with-heaven/,,所对照底本作“痤疿”；当前测试文本作“痤痱”，两者在此测试均按 cuo2 fei4。
HNSW-G042,生气通天论篇第三,大丁,丁,da4 ding1,,,gold,classical_usage,high_for_benchmark,1,高梁之变，足生大丁，受如持虚。,https://classicstcm.com/classics/huangdi-neijing-suwen/vital-qi-communicating-with-heaven/,,
HNSW-G043,生气通天论篇第三,皶,皶,zha1,,,gold,rare_character,high_for_benchmark,1,劳汗当风，寒薄为皶，郁乃痤。,https://classicstcm.com/classics/huangdi-neijing-suwen/vital-qi-communicating-with-heaven/,https://dict.variants.moe.edu.tw/dictView.jsp?ID=64468,所对照底本常见“齇”；当前测试文本作“皶”，本测试按 zha1。
HNSW-G044,生气通天论篇第三,大偻,偻,da4 lou2,,,gold,medical_term,high_for_benchmark,1,开阖不得，寒气从之，乃生大偻。,https://classicstcm.com/classics/huangdi-neijing-suwen/vital-qi-communicating-with-heaven/,,
HNSW-G045,生气通天论篇第三,瘘,瘘,lou4,,,gold,medical_term,high_for_benchmark,1,陷脉为瘘，留连肉腠。,https://classicstcm.com/classics/huangdi-neijing-suwen/vital-qi-communicating-with-heaven/,,
HNSW-G046,生气通天论篇第三,肉腠,腠,rou4 cou4,,,gold,medical_term,high_for_benchmark,2,陷脉为瘘，留连肉腠。,https://classicstcm.com/classics/huangdi-neijing-suwen/vital-qi-communicating-with-heaven/,,
HNSW-G047,生气通天论篇第三,俞气,俞,shu4 qi4,,,gold,medical_polyphone,high_for_benchmark,1,俞气化薄，传为善畏，及为惊骇。,https://classicstcm.com/classics/huangdi-neijing-suwen/vital-qi-communicating-with-heaven/,,
HNSW-G048,生气通天论篇第三,痈肿,痈,yong1 zhong3,,,gold,medical_term,high_for_benchmark,1,营气不从，逆于肉理，乃生痈肿。,https://classicstcm.com/classics/huangdi-neijing-suwen/vital-qi-communicating-with-heaven/,,
HNSW-G049,生气通天论篇第三,魄汗,魄,po4 han4,,,gold,classical_usage,high_for_benchmark,1,魄汗未尽，形弱而气烁，穴俞以闭，发为风疟。,https://classicstcm.com/classics/huangdi-neijing-suwen/vital-qi-communicating-with-heaven/,,
HNSW-G050,生气通天论篇第三,穴俞,俞,xue2 shu4,,,gold,medical_polyphone,high_for_benchmark,1,魄汗未尽，形弱而气烁，穴俞以闭，发为风疟。,https://classicstcm.com/classics/huangdi-neijing-suwen/vital-qi-communicating-with-heaven/,,
HNSW-G051,生气通天论篇第三,风疟,疟,feng1 nve4,,,gold,medical_term,high_for_benchmark,1,魄汗未尽，形弱而气烁，穴俞以闭，发为风疟。,https://classicstcm.com/classics/huangdi-neijing-suwen/vital-qi-communicating-with-heaven/,,
HNSW-G052,生气通天论篇第三,苛毒,苛,ke1 du2,,,gold,classical_usage,high_for_benchmark,1,故风者，百病之始也，清静则肉腠闭拒，虽有大风苛毒，弗之能害，此因时之序也。,https://classicstcm.com/classics/huangdi-neijing-suwen/vital-qi-communicating-with-heaven/,,
HNSW-G053,生气通天论篇第三,畜积,畜,xu4 ji1,,,gold,polyphone,high_for_benchmark,1,故阳畜积病死，而阳气当隔，隔者当写，不亟正治，粗乃败之。,https://classicstcm.com/classics/huangdi-neijing-suwen/vital-qi-communicating-with-heaven/,,
HNSW-G054,生气通天论篇第三,当写,写,,dang1 xie4,dang1 xie3|dang1 xie4,review_required,tongjia,review,1,故阳畜积病死，而阳气当隔，隔者当写，不亟正治，粗乃败之。,https://classicstcm.com/classics/huangdi-neijing-suwen/vital-qi-communicating-with-heaven/,https://classicstcm.com/classics/huangdi-neijing-suwen/vital-qi-communicating-with-heaven/,底本文字“写/寫”在该处明确作“泻/瀉”义。按本字还是按通假义朗读取决于项目政策；建议现代语义朗读采用 xie4，但暂不计硬分。
HNSW-G055,生气通天论篇第三,起亟,亟,qi3 qi4,,,gold,polyphone,high_for_benchmark,1,岐伯曰：阴者，藏精而起亟也；,https://classicstcm.com/classics/huangdi-neijing-suwen/vital-qi-communicating-with-heaven/,,
HNSW-G056,生气通天论篇第三,肠澼,澼,chang2 pi4,,,gold,medical_term,high_for_benchmark,1,因而饱食，筋脉横解，肠澼为痔。,https://classicstcm.com/classics/huangdi-neijing-suwen/vital-qi-communicating-with-heaven/,,
HNSW-G057,生气通天论篇第三,强力,强,qiang3 li4,,,gold,polyphone,high_for_benchmark,1,因而强力，肾气乃伤，高骨乃坏。,https://classicstcm.com/classics/huangdi-neijing-suwen/vital-qi-communicating-with-heaven/,,
HNSW-G058,生气通天论篇第三,阴平阳秘,秘,yin1 ping2 yang2 mi4,,,gold,medical_term,high_for_benchmark,1,故阳强不能密，阴气乃绝，阴平阳秘，精神乃治，阴阳离决，精气乃绝。,https://classicstcm.com/classics/huangdi-neijing-suwen/vital-qi-communicating-with-heaven/,,
HNSW-G059,生气通天论篇第三,洞泄,洞泄,dong4 xie4,,,gold,medical_term,high_for_benchmark,1,是以春伤于风，邪气留连，乃为洞泄，夏伤于暑，秋为痎疟。,https://classicstcm.com/classics/huangdi-neijing-suwen/vital-qi-communicating-with-heaven/,,
HNSW-G060,生气通天论篇第三,欬,欬,kai4,,,gold,classical_pronunciation,high_for_benchmark,1,秋伤于湿，上逆而欬，发为痿厥。,https://classicstcm.com/classics/huangdi-neijing-suwen/vital-qi-communicating-with-heaven/,,
HNSW-G061,金匮真言论篇第四,俞在,俞,shu4 zai4,,,gold,medical_polyphone,high_for_benchmark,5,所谓四时之胜也，东风生于春，病在肝，俞在颈项；,https://classicstcm.com/classics/huangdi-neijing-suwen/true-words-in-the-golden-casket/,,
HNSW-G062,金匮真言论篇第四,病在藏,藏,bing4 zai4 zang4,,,gold,medical_polyphone,high_for_benchmark,1,故春气者病在头，夏气者病在藏，秋气者病在肩背，冬气者病在四支。,https://classicstcm.com/classics/huangdi-neijing-suwen/true-words-in-the-golden-casket/,,
HNSW-G063,金匮真言论篇第四,鼽衄,鼽衄,qiu2 nv4,,,gold,medical_term,high_for_benchmark,2,故春善病鼽衄，仲夏善病胸胁，长夏善病洞泄寒中，秋善病风疟，冬善病痹厥。,https://classicstcm.com/classics/huangdi-neijing-suwen/true-words-in-the-golden-casket/,https://www.zdic.net/hans/%E9%BC%BD%E8%A1%84,
HNSW-G064,金匮真言论篇第四,痹厥,痹厥,bi4 jue2,,,gold,medical_term,high_for_benchmark,2,故春善病鼽衄，仲夏善病胸胁，长夏善病洞泄寒中，秋善病风疟，冬善病痹厥。,https://classicstcm.com/classics/huangdi-neijing-suwen/true-words-in-the-golden-casket/,,
HNSW-G065,金匮真言论篇第四,按𫏋,𫏋,an4 qiao1,,,gold,simplified_variant,high_for_benchmark,1,故冬不按𫏋，春不鼽衄；,https://classicstcm.com/classics/huangdi-neijing-suwen/true-words-in-the-golden-casket/,https://www.zdic.net/hans/%F0%AB%8F%8B,“𫏋”同“蹻”；本篇“按蹻”语境读 qiao1。
HNSW-G066,金匮真言论篇第四,藏府,藏,zang4 fu3,,,gold,medical_polyphone,high_for_benchmark,1,言人身之藏府中阴阳。,https://classicstcm.com/classics/huangdi-neijing-suwen/true-words-in-the-golden-casket/,,
HNSW-G067,金匮真言论篇第四,鍼石,鍼,zhen1 shi2,,,gold,rare_or_classical,high_for_benchmark,1,皆视其所在，为施鍼石也。,https://classicstcm.com/classics/huangdi-neijing-suwen/true-words-in-the-golden-casket/,,
HNSW-G068,金匮真言论篇第四,雌雄相输应,应,ci2 xiong2 xiang1 shu1 ying4,,,gold,classical_usage,high_for_benchmark,1,此皆阴阳、表里、内外、雌雄相输应也，故以应天之阴阳也。,https://classicstcm.com/classics/huangdi-neijing-suwen/true-words-in-the-golden-casket/,,
HNSW-G069,金匮真言论篇第四,藏精,藏,cang2 jing1,,,gold,polyphone,high_for_benchmark,5,东方青色，入通于肝，开窍于目，藏精于肝，其病发惊骇，其味酸，其类草木，其畜鸡，其谷麦，其应四时，上为岁星，是以春气在头也，其音角，其数八，是以知病之在筋也，其臭臊。,https://classicstcm.com/classics/huangdi-neijing-suwen/true-words-in-the-golden-casket/,,
HNSW-G070,金匮真言论篇第四,其音角,角,qi2 yin1 jue2,,,gold,semantic_polyphone,high_for_benchmark,1,东方青色，入通于肝，开窍于目，藏精于肝，其病发惊骇，其味酸，其类草木，其畜鸡，其谷麦，其应四时，上为岁星，是以春气在头也，其音角，其数八，是以知病之在筋也，其臭臊。,https://classicstcm.com/classics/huangdi-neijing-suwen/true-words-in-the-golden-casket/,,
HNSW-G071,金匮真言论篇第四,其音征,征,qi2 yin1 zhi3,,,gold,simplified_variant,high_for_benchmark,1,南方赤色，入通于心，开窍于耳，藏精于心，故病在五藏，其味苦，其类火，其畜羊，其谷黍，其应四时，上为荧惑星，是以知病之在脉也，其音征，其数七，其臭焦。,https://classicstcm.com/classics/huangdi-neijing-suwen/true-words-in-the-golden-casket/,,此处“征”为五音“徵”的简化/替代字形，语义为五音之一，读 zhi3。
HNSW-G072,金匮真言论篇第四,其畜,畜,qi2 chu4,,,gold,semantic_polyphone,high_for_benchmark,5,东方青色，入通于肝，开窍于目，藏精于肝，其病发惊骇，其味酸，其类草木，其畜鸡，其谷麦，其应四时，上为岁星，是以春气在头也，其音角，其数八，是以知病之在筋也，其臭臊。,https://classicstcm.com/classics/huangdi-neijing-suwen/true-words-in-the-golden-casket/,,
HNSW-G073,金匮真言论篇第四,稷,稷,ji4,,,gold,rare_or_classical,high_for_benchmark,1,中央黄色，入通于脾，开窍于口，藏精于脾，故病在舌本，其味甘，其类土，其畜牛，其谷稷，其应四时，上为镇星，是以知病之在肉也，其音宫，其数五，其臭香。,https://classicstcm.com/classics/huangdi-neijing-suwen/true-words-in-the-golden-casket/,,
HNSW-G074,金匮真言论篇第四,彘,彘,zhi4,,,gold,rare_character,high_for_benchmark,1,北方黑色，入通于肾，开窍于二阴，藏精于肾，故病在谿，其味咸，其类水，其畜彘，其谷豆，其应四时，上为辰星，是以知病之在骨也，其音羽，其数六，其臭腐。,https://classicstcm.com/classics/huangdi-neijing-suwen/true-words-in-the-golden-casket/,,
HNSW-G075,金匮真言论篇第四,谿,谿,xi1,,,gold,rare_character,high_for_benchmark,1,北方黑色，入通于肾，开窍于二阴，藏精于肾，故病在谿，其味咸，其类水，其畜彘，其谷豆，其应四时，上为辰星，是以知病之在骨也，其音羽，其数六，其臭腐。,https://classicstcm.com/classics/huangdi-neijing-suwen/true-words-in-the-golden-casket/,,
HNSW-G076,金匮真言论篇第四,荧惑星,荧惑星,ying2 huo4 xing1,,,gold,classical_term,high_for_benchmark,1,南方赤色，入通于心，开窍于耳，藏精于心，故病在五藏，其味苦，其类火，其畜羊，其谷黍，其应四时，上为荧惑星，是以知病之在脉也，其音征，其数七，其臭焦。,https://classicstcm.com/classics/huangdi-neijing-suwen/true-words-in-the-golden-casket/,,
HNSW-G077,金匮真言论篇第四,镇星,镇星,zhen4 xing1,,,gold,classical_term,high_for_benchmark,1,中央黄色，入通于脾，开窍于口，藏精于脾，故病在舌本，其味甘，其类土，其畜牛，其谷稷，其应四时，上为镇星，是以知病之在肉也，其音宫，其数五，其臭香。,https://classicstcm.com/classics/huangdi-neijing-suwen/true-words-in-the-golden-casket/,,
HNSW-G078,金匮真言论篇第四,辰星,辰星,chen2 xing1,,,gold,classical_term,high_for_benchmark,1,北方黑色，入通于肾，开窍于二阴，藏精于肾，故病在谿，其味咸，其类水，其畜彘，其谷豆，其应四时，上为辰星，是以知病之在骨也，其音羽，其数六，其臭腐。,https://classicstcm.com/classics/huangdi-neijing-suwen/true-words-in-the-golden-casket/,,
